_id,strike,openInterest,type
6453927d01e0580a01b56e1a,150,1934,call
6453927d01e0580a01b56e1b,155,6,call
6453927d01e0580a01b56e1c,160,3,call
6453927d01e0580a01b56e1d,170,3,call
6453927d01e0580a01b56e1e,175,15,call
6453927d01e0580a01b56e1f,180,1,call
6453927d01e0580a01b56e20,190,3,call
6453927d01e0580a01b56e21,195,1,call
6453927d01e0580a01b56e22,200,125,call
6453927d01e0580a01b56e23,205,4,call
6453927d01e0580a01b56e24,210,2,call
6453927d01e0580a01b56e25,215,1,call
6453927d01e0580a01b56e26,220,6,call
6453927d01e0580a01b56e27,225,29,call
6453927d01e0580a01b56e28,230,1,call
6453927d01e0580a01b56e29,235,1,call
6453927d01e0580a01b56e2a,240,6,call
6453927d01e0580a01b56e2b,245,1,call
6453927d01e0580a01b56e2c,250,79,call
6453927d01e0580a01b56e2d,265,1,call
6453927d01e0580a01b56e2e,270,10,call
6453927d01e0580a01b56e2f,275,47,call
6453927d01e0580a01b56e30,280,12,call
6453927d01e0580a01b56e31,285,15,call
6453927d01e0580a01b56e32,290,17,call
6453927d01e0580a01b56e33,295,2,call
6453927d01e0580a01b56e34,300,134,call
6453927d01e0580a01b56e35,305,8,call
6453927d01e0580a01b56e36,310,23,call
6453927d01e0580a01b56e37,315,13,call
6453927d01e0580a01b56e38,320,64,call
6453927d01e0580a01b56e39,325,29,call
6453927d01e0580a01b56e3a,330,13,call
6453927d01e0580a01b56e3b,335,25,call
6453927d01e0580a01b56e3c,340,34,call
6453927d01e0580a01b56e3d,345,6,call
6453927d01e0580a01b56e3e,350,161,call
6453927d01e0580a01b56e3f,355,6,call
6453927d01e0580a01b56e40,360,27,call
6453927d01e0580a01b56e41,365,16,call
6453927d01e0580a01b56e42,370,103,call
6453927d01e0580a01b56e43,375,56,call
6453927d01e0580a01b56e44,380,400,call
6453927d01e0580a01b56e45,385,489,call
6453927d01e0580a01b56e46,390,1553,call
6453927d01e0580a01b56e47,395,1290,call
6453927d01e0580a01b56e48,400,3004,call
6453927d01e0580a01b56e49,405,1338,call
6453927d01e0580a01b56e4a,410,1723,call
6453927d01e0580a01b56e4b,415,1520,call
6453927d01e0580a01b56e4c,420,99,call
6453927d01e0580a01b56e4d,425,145,call
6453927d01e0580a01b56e4e,430,51,call
6453927d01e0580a01b56e4f,435,12,call
6453927d01e0580a01b56e50,440,85,call
6453927d01e0580a01b56e51,445,16,call
6453927d01e0580a01b56e52,450,272,call
6453927d01e0580a01b56e53,455,10,call
6453927d01e0580a01b56e54,460,238,call
6453927d01e0580a01b56e55,465,770,call
6453927d01e0580a01b56e56,470,538,call
6453927d01e0580a01b56e57,475,6,call
6453927d01e0580a01b56e58,480,67,call
6453927d01e0580a01b56e59,485,65,call
6453927d01e0580a01b56e5a,490,14,call
6453927d01e0580a01b56e5b,495,112,call
6453927d01e0580a01b56e5c,500,407,call
6453927d01e0580a01b56e5d,505,57,call
6453927d01e0580a01b56e5e,510,152,call
6453927d01e0580a01b56e5f,515,210,call
6453927d01e0580a01b56e60,520,166,call
6453927d01e0580a01b56e61,525,945,call
6453927d01e0580a01b56e62,530,101,call
6453927d01e0580a01b56e63,535,228,call
6453927d01e0580a01b56e64,540,218,call
6453927d01e0580a01b56e65,545,57,call
6453927d01e0580a01b56e66,550,1699,call
6453927d01e0580a01b56e67,555,1,call
6453927d01e0580a01b56e68,560,10,call
6453927d01e0580a01b56e69,570,31,call
6453927d01e0580a01b56e6a,575,3,call
6453927d01e0580a01b56e6b,580,11,call
6453927d01e0580a01b56e6c,585,10,call
6453927d01e0580a01b56e6d,590,10,call
6453927d01e0580a01b56e6e,595,2,call
6453927d01e0580a01b56e6f,600,3128,call
6453927d01e0580a01b56e70,605,7,call
6453927d01e0580a01b56e71,610,5,call
6453927d01e0580a01b56e72,615,3,call
6453927d01e0580a01b56e73,620,1,call
6453927d01e0580a01b56e74,625,4,call
6453927d01e0580a01b56e75,630,5,call
6453927d01e0580a01b56e76,635,7,call
6453927d01e0580a01b56e77,640,6,call
6453927d01e0580a01b56e78,645,21,call
6453927d01e0580a01b56e79,650,1031,call
6453927d01e0580a01b56e7a,150,526,put
6453927d01e0580a01b56e7b,155,12,put
6453927d01e0580a01b56e7c,160,498,put
6453927d01e0580a01b56e7d,165,12,put
6453927d01e0580a01b56e7e,170,11,put
6453927d01e0580a01b56e7f,175,117,put
6453927d01e0580a01b56e80,180,14,put
6453927d01e0580a01b56e81,185,10,put
6453927d01e0580a01b56e82,190,6,put
6453927d01e0580a01b56e83,195,9,put
6453927d01e0580a01b56e84,200,432,put
6453927d01e0580a01b56e85,205,4,put
6453927d01e0580a01b56e86,210,10,put
6453927d01e0580a01b56e87,215,10,put
6453927d01e0580a01b56e88,220,51,put
6453927d01e0580a01b56e89,225,105,put
6453927d01e0580a01b56e8a,230,42,put
6453927d01e0580a01b56e8b,235,240,put
6453927d01e0580a01b56e8c,240,100,put
6453927d01e0580a01b56e8d,245,23,put
6453927d01e0580a01b56e8e,250,271,put
6453927d01e0580a01b56e8f,255,41,put
6453927d01e0580a01b56e90,260,75,put
6453927d01e0580a01b56e91,265,31,put
6453927d01e0580a01b56e92,270,787,put
6453927d01e0580a01b56e93,275,140,put
6453927d01e0580a01b56e94,280,468,put
6453927d01e0580a01b56e95,285,352,put
6453927d01e0580a01b56e96,290,381,put
6453927d01e0580a01b56e97,295,1077,put
6453927d01e0580a01b56e98,300,937,put
6453927d01e0580a01b56e99,305,711,put
6453927d01e0580a01b56e9a,310,544,put
6453927d01e0580a01b56e9b,315,738,put
6453927d01e0580a01b56e9c,320,890,put
6453927d01e0580a01b56e9d,325,253,put
6453927d01e0580a01b56e9e,330,98,put
6453927d01e0580a01b56e9f,335,27,put
6453927d01e0580a01b56ea0,340,251,put
6453927d01e0580a01b56ea1,345,206,put
6453927d01e0580a01b56ea2,350,368,put
6453927d01e0580a01b56ea3,355,21,put
6453927d01e0580a01b56ea4,360,202,put
6453927d01e0580a01b56ea5,365,174,put
6453927d01e0580a01b56ea6,370,855,put
6453927d01e0580a01b56ea7,375,653,put
6453927d01e0580a01b56ea8,380,478,put
6453927d01e0580a01b56ea9,385,253,put
6453927d01e0580a01b56eaa,390,502,put
6453927d01e0580a01b56eab,395,308,put
6453927d01e0580a01b56eac,400,869,put
6453927d01e0580a01b56ead,405,527,put
6453927d01e0580a01b56eae,410,428,put
6453927d01e0580a01b56eaf,415,160,put
6453927d01e0580a01b56eb0,420,68,put
6453927d01e0580a01b56eb1,425,11,put
6453927d01e0580a01b56eb2,430,68,put
6453927d01e0580a01b56eb3,435,68,put
6453927d01e0580a01b56eb4,440,14,put
6453927d01e0580a01b56eb5,445,47,put
6453927d01e0580a01b56eb6,450,92,put
6453927d01e0580a01b56eb7,455,12,put
6453927d01e0580a01b56eb8,460,11,put
6453927d01e0580a01b56eb9,465,2048,put
6453927d01e0580a01b56eba,470,11,put
6453927d01e0580a01b56ebb,475,69,put
6453927d01e0580a01b56ebc,480,94,put
6453927d01e0580a01b56ebd,485,2,put
6453927d01e0580a01b56ebe,490,105,put
6453927d01e0580a01b56ebf,495,11,put
6453927d01e0580a01b56ec0,500,69,put
6453927d01e0580a01b56ec1,505,5,put
6453927d01e0580a01b56ec2,510,14,put
6453927d01e0580a01b56ec3,515,1,put
6453927d01e0580a01b56ec4,525,2,put
6453927d01e0580a01b56ec5,600,2,put
